{
  "model": "Qwen/Qwen3-1.7B",
  "seed": 42,
  "num_layers": 28,
  "ground_truth_perm": [
    22,
    24,
    8,
    17,
    0,
    10,
    20,
    12,
    18,
    4,
    14,
    16,
    9,
    7,
    15,
    1,
    27,
    6,
    25,
    23,
    2,
    21,
    19,
    5,
    11,
    26,
    13,
    3
  ],
  "results": [
    {
      "method": "weight_stats_continuity",
      "type": "math",
      "recovered": [
        0,
        4,
        2,
        5,
        1,
        10,
        12,
        7,
        6,
        14,
        8,
        13,
        11,
        9,
        3,
        16,
        15,
        17,
        18,
        19,
        20,
        21,
        22,
        23,
        24,
        27,
        25,
        26
      ],
      "time": 0.02643299102783203,
      "kendall_tau": 0.8148148148148148,
      "accuracy": 0.39285714285714285,
      "displacement": 1.8571428571428572
    },
    {
      "method": "svd_spectrum",
      "type": "math",
      "recovered": [
        2,
        1,
        3,
        4,
        7,
        6,
        9,
        5,
        10,
        8,
        12,
        14,
        15,
        17,
        18,
        19,
        20,
        16,
        11,
        13,
        26,
        25,
        21,
        24,
        22,
        23,
        27,
        0
      ],
      "time": 0.014048099517822266,
      "kendall_tau": 0.6613756613756614,
      "accuracy": 0.03571428571428571,
      "displacement": 3.5
    },
    {
      "method": "layernorm_progression",
      "type": "math",
      "recovered": [
        14,
        13,
        11,
        9,
        8,
        3,
        6,
        5,
        0,
        1,
        4,
        2,
        7,
        10,
        12,
        16,
        15,
        17,
        18,
        19,
        20,
        21,
        22,
        23,
        24,
        25,
        26,
        27
      ],
      "time": 0.014325618743896484,
      "kendall_tau": 0.6349206349206349,
      "accuracy": 0.42857142857142855,
      "displacement": 3.2857142857142856
    },
    {
      "method": "tsp_full_weights",
      "type": "math",
      "recovered": [
        0,
        5,
        6,
        8,
        3,
        4,
        1,
        2,
        7,
        10,
        9,
        11,
        12,
        13,
        14,
        15,
        17,
        19,
        21,
        22,
        24,
        26,
        25,
        23,
        27,
        20,
        18,
        16
      ],
      "time": 0.013831138610839844,
      "kendall_tau": 0.7407407407407407,
      "accuracy": 0.25,
      "displacement": 2.7142857142857144
    },
    {
      "method": "greedy_cosine",
      "type": "math",
      "recovered": [
        1,
        2,
        3,
        5,
        4,
        8,
        7,
        10,
        9,
        11,
        12,
        13,
        14,
        16,
        15,
        17,
        18,
        19,
        20,
        21,
        22,
        26,
        25,
        24,
        23,
        27,
        6,
        0
      ],
      "time": 0.012089252471923828,
      "kendall_tau": 0.693121693121693,
      "accuracy": 0.03571428571428571,
      "displacement": 3.4285714285714284
    },
    {
      "method": "activation_flow",
      "type": "math",
      "recovered": [
        0,
        2,
        1,
        5,
        3,
        4,
        6,
        8,
        7,
        9,
        10,
        11,
        12,
        13,
        14,
        16,
        15,
        17,
        18,
        19,
        20,
        21,
        22,
        23,
        24,
        25,
        26,
        27
      ],
      "time": 0.18169379234313965,
      "kendall_tau": 0.9735449735449735,
      "accuracy": 0.6785714285714286,
      "displacement": 0.35714285714285715
    },
    {
      "method": "fiedler_spectral",
      "type": "math",
      "recovered": [
        8,
        13,
        14,
        6,
        7,
        11,
        9,
        1,
        10,
        12,
        5,
        3,
        2,
        0,
        4,
        16,
        15,
        17,
        18,
        19,
        20,
        21,
        22,
        23,
        24,
        27,
        25,
        26
      ],
      "time": 0.012206792831420898,
      "kendall_tau": 0.582010582010582,
      "accuracy": 0.2857142857142857,
      "displacement": 3.9285714285714284
    },
    {
      "method": "causal_pairwise",
      "type": "math",
      "recovered": [
        8,
        11,
        0,
        16,
        9,
        12,
        10,
        1,
        5,
        18,
        15,
        13,
        6,
        7,
        17,
        20,
        21,
        14,
        4,
        22,
        19,
        24,
        23,
        2,
        27,
        3,
        25,
        26
      ],
      "time": 0.2733156681060791,
      "kendall_tau": 0.3915343915343915,
      "accuracy": 0.0,
      "displacement": 6.142857142857143
    },
    {
      "method": "ensemble_rank",
      "type": "math",
      "recovered": [
        5,
        4,
        2,
        1,
        6,
        3,
        8,
        7,
        9,
        14,
        10,
        0,
        12,
        11,
        13,
        15,
        17,
        19,
        16,
        18,
        20,
        21,
        22,
        24,
        25,
        23,
        26,
        27
      ],
      "time": 0.05509161949157715,
      "kendall_tau": 0.8359788359788359,
      "accuracy": 0.35714285714285715,
      "displacement": 1.6428571428571428
    },
    {
      "method": "greedy_perplexity",
      "type": "dataset",
      "recovered": [
        2,
        5,
        0,
        26,
        25,
        18,
        8,
        4,
        13,
        10,
        16,
        3,
        9,
        17,
        7,
        19,
        27,
        6,
        11,
        12,
        14,
        15,
        1,
        20,
        22,
        21,
        24,
        23
      ],
      "time": 1.0867409706115723,
      "kendall_tau": 0.30158730158730157,
      "accuracy": 0.0,
      "displacement": 6.857142857142857
    },
    {
      "method": "pairwise_bubble",
      "type": "dataset",
      "recovered": [
        0,
        1,
        2,
        3,
        4,
        5,
        6,
        7,
        8,
        9,
        10,
        11,
        12,
        13,
        14,
        15,
        16,
        17,
        18,
        19,
        20,
        21,
        22,
        23,
        24,
        25,
        26,
        27
      ],
      "time": 18.85617208480835,
      "kendall_tau": 1.0,
      "accuracy": 1.0,
      "displacement": 0.0
    },
    {
      "method": "simulated_annealing",
      "type": "dataset",
      "recovered": [
        0,
        2,
        3,
        4,
        5,
        8,
        10,
        11,
        9,
        6,
        13,
        7,
        14,
        15,
        16,
        17,
        19,
        18,
        20,
        12,
        1,
        21,
        23,
        24,
        22,
        25,
        26,
        27
      ],
      "time": 18.74101758003235,
      "kendall_tau": 0.783068783068783,
      "accuracy": 0.17857142857142858,
      "displacement": 2.5
    },
    {
      "method": "remove_reinsert",
      "type": "dataset",
      "recovered": [
        0,
        1,
        2,
        3,
        4,
        5,
        6,
        7,
        8,
        9,
        10,
        11,
        12,
        13,
        14,
        15,
        16,
        17,
        18,
        19,
        20,
        21,
        22,
        23,
        24,
        25,
        26,
        27
      ],
      "time": 72.87658739089966,
      "kendall_tau": 1.0,
      "accuracy": 1.0,
      "displacement": 0.0
    }
  ]
}