{
  "top_costly_swaps": [
    [
      0,
      35,
      22.82780467538998
    ],
    [
      6,
      35,
      17.805657443085078
    ],
    [
      2,
      22,
      16.283340065589616
    ],
    [
      7,
      35,
      16.27179855016312
    ],
    [
      2,
      28,
      16.17932463909234
    ],
    [
      5,
      35,
      15.651761118221197
    ],
    [
      8,
      35,
      15.540996599164936
    ],
    [
      9,
      35,
      14.585631354155861
    ],
    [
      2,
      17,
      14.249878178112304
    ],
    [
      2,
      26,
      14.072303314228456
    ],
    [
      4,
      35,
      13.943786980290163
    ],
    [
      12,
      35,
      13.943503404972558
    ],
    [
      2,
      25,
      13.724583259781996
    ],
    [
      2,
      16,
      13.699259983919926
    ],
    [
      2,
      12,
      13.691461662685807
    ],
    [
      11,
      35,
      13.607863659056044
    ],
    [
      2,
      15,
      13.559599139999781
    ],
    [
      2,
      13,
      13.406978904065117
    ],
    [
      10,
      35,
      13.397507488457132
    ],
    [
      2,
      19,
      13.37530354108871
    ]
  ],
  "top_cheap_swaps": [
    [
      25,
      27,
      0.19456547639331023
    ],
    [
      17,
      18,
      0.1907774134794294
    ],
    [
      5,
      6,
      0.1853598369768873
    ],
    [
      19,
      20,
      0.17182555432328295
    ],
    [
      21,
      22,
      0.16638975556662638
    ],
    [
      15,
      16,
      0.15467759745090712
    ],
    [
      22,
      23,
      0.15388764313907244
    ],
    [
      2,
      3,
      0.14415609046897956
    ],
    [
      23,
      24,
      0.13165781832217305
    ],
    [
      24,
      25,
      0.1286113898247859
    ],
    [
      20,
      21,
      0.12400131043851267
    ],
    [
      33,
      34,
      0.11557724087510915
    ],
    [
      28,
      29,
      0.10625073492202483
    ],
    [
      30,
      31,
      0.10312839482527247
    ],
    [
      29,
      30,
      0.0961349884524752
    ],
    [
      31,
      32,
      0.09598221433790108
    ],
    [
      27,
      28,
      0.08213177593779866
    ],
    [
      25,
      26,
      0.07245763081604253
    ],
    [
      26,
      27,
      0.06776184114051167
    ],
    [
      32,
      33,
      0.05852377890675123
    ]
  ],
  "interchangeable_pairs_1pct": [],
  "per_layer_avg_cost": [
    9.516590486901519,
    10.65992274428236,
    11.148932836566964,
    7.4550952407526845,
    6.248316952140337,
    5.697791242752478,
    8.716101916818568,
    3.7206549858363887,
    3.630193837382245,
    3.484343944164271,
    3.643252121728413,
    3.3986349376907063,
    3.595487296919703,
    3.323783518599203,
    3.2262123464255374,
    3.1192821894991356,
    3.593915029135523,
    3.182820363093572,
    3.222630216596595,
    3.046257717648967,
    2.9353155403811604,
    2.8314897318995302,
    3.2062767324544685,
    2.814379072606579,
    2.5678884931231276,
    2.762384371109073,
    2.889234520170026,
    2.865087662180193,
    3.14492138312028,
    3.395177937436357,
    3.1627588955299637,
    4.17033329797063,
    5.06051348960242,
    6.083844878221071,
    6.806023152447254,
    10.363512707255744
  ],
  "avg_cost_by_distance": {
    "1": 0.5705573334111617,
    "2": 1.1809578844204625,
    "3": 1.5529938540032928,
    "4": 1.91906503137005,
    "5": 2.081369104565994,
    "6": 2.499293899094417,
    "7": 2.6720237940357747,
    "8": 3.00376587736041,
    "9": 3.1086712846926985,
    "10": 3.6020377839550233,
    "11": 4.113520379181134,
    "12": 4.267717122653003,
    "13": 4.601049651926436,
    "14": 4.814970342633235,
    "15": 5.004074670825768,
    "16": 5.13870619677156,
    "17": 5.789606333857839,
    "18": 5.912267583738438,
    "19": 6.27744837134386,
    "20": 7.29067403224116,
    "21": 7.73791886171787,
    "22": 8.518686311052411,
    "23": 9.618490098746118,
    "24": 10.428941812413575,
    "25": 10.6632794320308,
    "26": 11.51558541495441,
    "27": 11.127672970409138,
    "28": 11.596244160417204,
    "29": 11.504079143888815,
    "30": 11.325866910719684,
    "31": 11.19950953019942,
    "32": 10.832448221215753,
    "33": 11.041771705033055,
    "34": 10.640006921306497,
    "35": 22.82780467538998
  },
  "clusters": {
    "3": {
      "1": [
        0,
        1,
        2,
        3,
        4,
        5,
        6
      ],
      "3": [
        7,
        8,
        9,
        10,
        11,
        12,
        13,
        14,
        15,
        16,
        17,
        18,
        19,
        20,
        21,
        22,
        23,
        24,
        25,
        26,
        27,
        28,
        29,
        30
      ],
      "2": [
        31,
        32,
        33,
        34,
        35
      ]
    },
    "4": {
      "2": [
        0
      ],
      "1": [
        1,
        2,
        3,
        4,
        5,
        6
      ],
      "4": [
        7,
        8,
        9,
        10,
        11,
        12,
        13,
        14,
        15,
        16,
        17,
        18,
        19,
        20,
        21,
        22,
        23,
        24,
        25,
        26,
        27,
        28,
        29,
        30
      ],
      "3": [
        31,
        32,
        33,
        34,
        35
      ]
    },
    "5": {
      "3": [
        0
      ],
      "2": [
        1,
        2,
        3
      ],
      "1": [
        4,
        5,
        6
      ],
      "5": [
        7,
        8,
        9,
        10,
        11,
        12,
        13,
        14,
        15,
        16,
        17,
        18,
        19,
        20,
        21,
        22,
        23,
        24,
        25,
        26,
        27,
        28,
        29,
        30
      ],
      "4": [
        31,
        32,
        33,
        34,
        35
      ]
    },
    "6": {
      "4": [
        0
      ],
      "3": [
        1
      ],
      "2": [
        2,
        3
      ],
      "1": [
        4,
        5,
        6
      ],
      "6": [
        7,
        8,
        9,
        10,
        11,
        12,
        13,
        14,
        15,
        16,
        17,
        18,
        19,
        20,
        21,
        22,
        23,
        24,
        25,
        26,
        27,
        28,
        29,
        30
      ],
      "5": [
        31,
        32,
        33,
        34,
        35
      ]
    }
  },