{
  "correlations": {
    "t7_perturb_gap__vs_2bit": {
      "spearman_r": 0.6785070785070786,
      "spearman_p": 5.418382997797807e-06,
      "pearson_r": 0.4027191424147367,
      "pearson_p": 0.01488554897588583
    },
    "t7_attn_gap__vs_2bit": {
      "spearman_r": 0.44375804375804373,
      "spearman_p": 0.006708323200823894,
      "pearson_r": 0.2895432781842495,
      "pearson_p": 0.0867389681717035
    },
    "t7_mlp_gap__vs_2bit": {
      "spearman_r": 0.7093951093951095,
      "spearman_p": 1.2745828924070015e-06,
      "pearson_r": 0.4043997903973706,
      "pearson_p": 0.014433963121403229
    },
    "t7_nonlinearity_order__vs_2bit": {
      "spearman_r": 0.18301158301158302,
      "spearman_p": 0.28535260034506,
      "pearson_r": 0.10717914228009835,
      "pearson_p": 0.5338261881510624
    },
    "t9_avg_eff_rank__vs_2bit": {
      "spearman_r": -0.22754182754182758,
      "spearman_p": 0.18198952932967472,
      "pearson_r": -0.6326451954266806,
      "pearson_p": 3.474490679349366e-05
    },
    "t9_q_proj_rank__vs_2bit": {
      "spearman_r": -0.11145431145431146,
      "spearman_p": 0.5175371722971552,
      "pearson_r": -0.07600571449274754,
      "pearson_p": 0.659518304946686
    },
    "t9_k_proj_rank__vs_2bit": {
      "spearman_r": -0.20205920205920208,
      "spearman_p": 0.23728223538128762,
      "pearson_r": -0.13809270728073303,
      "pearson_p": 0.42187419922744274
    },
    "t9_v_proj_rank__vs_2bit": {
      "spearman_r": -0.059459459459459456,
      "spearman_p": 0.7304919558780064,
      "pearson_r": -0.19411147574320708,
      "pearson_p": 0.25662829979680407
    },
    "t9_o_proj_rank__vs_2bit": {
      "spearman_r": -0.10400309006223028,
      "spearman_p": 0.5460853471155694,
      "pearson_r": -0.26530743728740946,
      "pearson_p": 0.11785535195169758
    },
    "t9_gate_proj_rank__vs_2bit": {
      "spearman_r": -0.16796447682634727,
      "spearman_p": 0.3274811100125596,
      "pearson_r": -0.5592221382824019,
      "pearson_p": 0.00039185092129803516
    },
    "t9_up_proj_rank__vs_2bit": {
      "spearman_r": -0.5088803088803089,
      "spearman_p": 0.001527794990153803,
      "pearson_r": -0.6854405792251621,
      "pearson_p": 3.975414434698314e-06
    },
    "t9_down_proj_rank__vs_2bit": {
      "spearman_r": -0.07567567567567568,
      "spearman_p": 0.6609081569102281,
      "pearson_r": -0.7383497005509133,
      "pearson_p": 2.746442586920059e-07
    },
    "t7_perturb_gap__vs_3bit": {
      "spearman_r": 0.4651222651222652,
      "spearman_p": 0.0042589885553564145,
      "pearson_r": 0.3019743288036065,
      "pearson_p": 0.0734617268583012
    },
    "t7_attn_gap__vs_3bit": {
      "spearman_r": 0.21106821106821108,
      "spearman_p": 0.21657236791998166,
      "pearson_r": 0.1568660358754902,
      "pearson_p": 0.3608987555812753
    },
    "t7_mlp_gap__vs_3bit": {
      "spearman_r": 0.5194337194337195,
      "spearman_p": 0.001168537476369954,
      "pearson_r": 0.355192039248816,
      "pearson_p": 0.03351932518160718
    },
    "t7_nonlinearity_order__vs_3bit": {
      "spearman_r": 0.1281853281853282,
      "spearman_p": 0.4562411717272464,
      "pearson_r": 0.16541221486924537,
      "pearson_p": 0.3349905642811522
    },
    "t9_avg_eff_rank__vs_3bit": {
      "spearman_r": -0.0501930501930502,
      "spearman_p": 0.7712707183372979,
      "pearson_r": -0.45807588565638996,
      "pearson_p": 0.004963126502463704
    },
    "t9_q_proj_rank__vs_3bit": {
      "spearman_r": 0.026769626769626777,
      "spearman_p": 0.8768395437558167,
      "pearson_r": -0.008645987536737903,
      "pearson_p": 0.9600857364019164
    },
    "t9_k_proj_rank__vs_3bit": {
      "spearman_r": 0.07696267696267697,
      "spearman_p": 0.6554947221058657,
      "pearson_r": -0.06530394962224424,
      "pearson_p": 0.705133533142768
    },
    "t9_v_proj_rank__vs_3bit": {
      "spearman_r": 0.12432432432432433,
      "spearman_p": 0.4700299454080242,
      "pearson_r": -0.09537721387527151,
      "pearson_p": 0.5800366801386928
    },
    "t9_o_proj_rank__vs_3bit": {
      "spearman_r": -0.09293345423877507,
      "spearman_p": 0.5898240496377417,
      "pearson_r": -0.19743416209613673,
      "pearson_p": 0.24841692117530711
    },
    "t9_gate_proj_rank__vs_3bit": {
      "spearman_r": -0.06898770848959551,
      "spearman_p": 0.6893075217251242,
      "pearson_r": -0.3979128728646041,
      "pearson_p": 0.01624306878161768
    },
    "t9_up_proj_rank__vs_3bit": {
      "spearman_r": -0.2885456885456885,
      "spearman_p": 0.08787975628562064,
      "pearson_r": -0.614212552120966,
      "pearson_p": 6.758081644687816e-05
    },
    "t9_down_proj_rank__vs_3bit": {
      "spearman_r": 0.03680823680823681,
      "spearman_p": 0.831227649447116,
      "pearson_r": -0.5157688824351633,
      "pearson_p": 0.0012837947624179669
    },
    "t7_perturb_gap__vs_4bit": {
      "spearman_r": 0.2787644787644788,
      "spearman_p": 0.09968583138488461,
      "pearson_r": 0.2712360898415232,
      "pearson_p": 0.10956704298082005
    },
    "t7_attn_gap__vs_4bit": {
      "spearman_r": 0.2146718146718147,
      "spearman_p": 0.20864738280866502,
      "pearson_r": 0.0633081442879677,
      "pearson_p": 0.7137595127956516
    },
    "t7_mlp_gap__vs_4bit": {
      "spearman_r": 0.2903474903474904,
      "spearman_p": 0.08582765586201825,
      "pearson_r": 0.32666867383237463,
      "pearson_p": 0.05182788195137152
    },
    "t7_nonlinearity_order__vs_4bit": {
      "spearman_r": -0.05997425997425997,
      "spearman_p": 0.7282465163675166,
      "pearson_r": 0.13925131096830579,
      "pearson_p": 0.4179522992710899
    },
    "t9_avg_eff_rank__vs_4bit": {
      "spearman_r": 0.1250965250965251,
      "spearman_p": 0.46725473247526456,
      "pearson_r": 0.10703823510286163,
      "pearson_p": 0.534367243185165
    },
    "t9_q_proj_rank__vs_4bit": {
      "spearman_r": 0.06615186615186616,
      "spearman_p": 0.7014796486641084,
      "pearson_r": 0.08080399222541026,
      "pearson_p": 0.6394406355608794
    },
    "t9_k_proj_rank__vs_4bit": {
      "spearman_r": 0.12277992277992279,
      "spearman_p": 0.47560636190552114,
      "pearson_r": 0.10581055714085676,
      "pearson_p": 0.5390924330360569
    },
    "t9_v_proj_rank__vs_4bit": {
      "spearman_r": 0.1433719433719434,
      "spearman_p": 0.40417120207403434,
      "pearson_r": 0.17057556131622995,
      "pearson_p": 0.31990751160746583
    },
    "t9_o_proj_rank__vs_4bit": {
      "spearman_r": 0.057021496160356455,
      "spearman_p": 0.7411554843096406,
      "pearson_r": 0.07934257788102538,
      "pearson_p": 0.645529864249242
    },
    "t9_gate_proj_rank__vs_4bit": {
      "spearman_r": 0.2754360003129373,
      "spearman_p": 0.10396729100108747,
      "pearson_r": 0.1992828619485416,
      "pearson_p": 0.24392507656011153
    },
    "t9_up_proj_rank__vs_4bit": {
      "spearman_r": -0.17631917631917632,
      "spearman_p": 0.303636421805384,
      "pearson_r": -0.2124319322433716,
      "pearson_p": 0.21354932309530036
    },
    "t9_down_proj_rank__vs_4bit": {
      "spearman_r": 0.19021879021879023,
      "spearman_p": 0.2664747907095009,
      "pearson_r": 0.09019497941714104,
      "pearson_p": 0.6008772614158373
    }
  },
  "matrix_correlations": {
    "q_proj": {
      "spearman_r": -0.19305019305019303,
      "spearman_p": 0.25928853889814363,
      "sens_mean": 0.0013384024302164714,
      "sens_std": 0.02071198141045107,
      "rank_mean": 0.25351666666666667
    },
    "k_proj": {
      "spearman_r": -0.06795366795366796,
      "spearman_p": 0.6937371763828445,
      "sens_mean": 0.00722699695163303,
      "sens_std": 0.027568649150386308,
      "rank_mean": 0.3756138888888889
    },
    "v_proj": {
      "spearman_r": 0.3806949806949807,
      "spearman_p": 0.021988277590416133,
      "sens_mean": 0.007195843590630425,
      "sens_std": 0.036998689926587405,
      "rank_mean": 0.6100944444444444
    },