{
  "baseline_ppl": 9.251679420471191,
  "target_avg_bits": 4.0,
  "recipes": {
    "uniform_4bit": {
      "bits_per_layer": [
        4,
        4,
        4,
        4,
        4,
        4,
        4,
        4,
        4,
        4,
        4,
        4,
        4,
        4,
        4,
        4,
        4,
        4,
        4,
        4,
        4,
        4,
        4,
        4,
        4,
        4,
        4,
        4,
        4,
        4,
        4,
        4,
        4,
        4,
        4,
        4
      ],
      "avg_bits": 4.0,
      "ppl": 9.741434097290039,
      "ppl_delta": 0.48975467681884766,
      "description": "Uniform 4-bit baseline"
    },
    "t9_spectral": {
      "bits_per_layer": [
        3,
        2,
        2,
        3,
        4,
        4,
        4,
        4,
        4,
        4,
        4,
        4,
        4,
        4,
        4,
        4,
        3,
        4,
        3,
        4,
        4,
        4,
        4,
        5,
        4,
        5,
        5,
        5,
        5,
        4,
        5,
        5,
        5,
        4,
        4,
        4
      ],
      "avg_bits": 4.0,
      "ppl": 13950.6259765625,
      "ppl_delta": 13941.374297142029,
      "description": "Higher effective rank \u2192 more bits (harder to compress)"
    },
    "t7_linearity": {
      "bits_per_layer": [
        8,
        8,
        6,
        7,
        5,
        4,
        3,
        3,
        3,
        3,
        3,
        3,
        2,
        2,
        2,
        2,
        2,
        3,
        3,
        3,
        3,
        3,
        3,
        4,
        4,
        4,
        4,
        4,
        5,
        5,
        5,
        4,
        4,
        4,
        5,
        7
      ],
      "avg_bits": 3.9722222222222223,
      "ppl": 56.16713333129883,
      "ppl_delta": 46.91545391082764,
      "description": "Higher linearity gap \u2192 more bits (more nonlinear)"
    },
    "t7_t9_combined": {
      "bits_per_layer": [
        6,
        4,
        3,
        4,
        4,
        4,
        4,
        4,
        3,
        3,
        3,
        3,
        3,
        2,
        3,
        2,
        2,
        2,
        2,
        3,
        3,
        3,
        4,
        5,
        5,
        6,
        5,
        6,
        6,
        5,
        6,
        5,
        5,
        4,
        5,
        7
      ],
      "avg_bits": 4.0,
      "ppl": 221.16766357421875,
      "ppl_delta": 211.91598415374756,
      "description": "Combined spectral rank + linearity gap"
    },
    "sensitivity_oracle": {
      "bits_per_layer": [
        4,
        4,
        5,
        4,
        4,
        4,
        4,
        4,
        4,
        4,
        4,
        4,
        4,
        4,
        4,
        4,
        4,
        4,
        4,
        4,
        4,
        4,
        4,
        4,
        4,
        4,
        4,
        4,
        4,
        4,
        4,
        4,
        4,
        4,
        4,
        4
      ],
      "avg_bits": 4.027777777777778,
      "ppl": 9.661459922790527,
      "ppl_delta": 0.40978050231933594,
      "description": "Direct from measured 2-bit sensitivity (oracle)"
    },
    "first_last_protected": {
      "bits_per_layer": [
        4,
        4,
        4,
        4,
        4,
        4,
        4,
        4,
        4,
        4,
        4,
        4,
        4,
        4,
        4,
        4,
        4,
        4,
        4,
        4,
        4,
        4,
        4,
        4,
        4,
        4,
        4,
        4,
        4,
        4,
        4,
        4,
        4,
        4,
        4,
        5
      ],
      "avg_bits": 4.027777777777778,
      "ppl": 9.61108112335205,
      "ppl_delta": 0.3594017028808594,
      "description": "First and last layers at 8-bit, rest adjusted"
    },
    "qk3_vmul5": {
      "bits_per_layer": [
        "Q/K=3, V/MLP=5",
        "Q/K=3, V/MLP=5",
        "Q/K=3, V/MLP=5",
        "Q/K=3, V/MLP=5",
        "Q/K=3, V/MLP=5",
        "Q/K=3, V/MLP=5",
        "Q/K=3, V/MLP=5",
        "Q/K=3, V/MLP=5",
        "Q/K=3, V/MLP=5",
        "Q/K=3, V/MLP=5",
        "Q/K=3, V/MLP=5",
        "Q/K=3, V/MLP=5",
        "Q/K=3, V/MLP=5",
        "Q/K=3, V/MLP=5",
        "Q/K=3, V/MLP=5",
        "Q/K=3, V/MLP=5",
        "Q/K=3, V/MLP=5",
        "Q/K=3, V/MLP=5",
        "Q/K=3, V/MLP=5",
        "Q/K=3, V/MLP=5",
        "Q/K=3, V/MLP=5",
        "Q/K=3, V/MLP=5",
        "Q/K=3, V/MLP=5",
        "Q/K=3, V/MLP=5",
        "Q/K=3, V/MLP=5",
        "Q/K=3, V/MLP=5",
        "Q/K=3, V/MLP=5",
        "Q/K=3, V/MLP=5",
        "Q/K=3, V/MLP=5",
        "Q/K=3, V/MLP=5",
        "Q/K=3, V/MLP=5",
        "Q/K=3, V/MLP=5",
        "Q/K=3, V/MLP=5",
        "Q/K=3, V/MLP=5",
        "Q/K=3, V/MLP=5",
        "Q/K=3, V/MLP=5"
      ],
      "avg_bits": 4.428571428571429,
      "ppl": 9.811468124389648,
      "ppl_delta": 0.559788703918457,
      "description": "Q/K projections at 3-bit, V/O/MLP at 5-bit (avg ~4.4b)"
    }
  },
  "time_s": 1.4257729053497314
}